index,date,new_cases_smoothed,new_deaths_smoothed,new_vaccinations_smoothed
204014,22/01/2020 00:00,0,0,0
204015,23/01/2020 00:00,0,0,0
204016,24/01/2020 00:00,0,0,0
204017,25/01/2020 00:00,0,0,0
204018,26/01/2020 00:00,0,0,0
204019,27/01/2020 00:00,338.857,9.286,0
204020,28/01/2020 00:00,717.571,16.286,0
204021,29/01/2020 00:00,801.714,16.571,0
204022,30/01/2020 00:00,1082.857,21.857,0
204023,31/01/2020 00:00,1283.286,26.714,0
204024,01/02/2020 00:00,1514.429,31,0
204025,02/02/2020 00:00,2095.286,43.714,0
204026,03/02/2020 00:00,2422.571,49.143,0
204027,04/02/2020 00:00,2617,51.571,0
204028,05/02/2020 00:00,3067.857,61.571,0
204029,06/02/2020 00:00,3224.143,66.143,0
204030,07/02/2020 00:00,3496.143,72.286,0
204031,08/02/2020 00:00,3584.714,78.143,0
204032,09/02/2020 00:00,3339.286,77.714,0
204033,10/02/2020 00:00,3269.143,83.857,0
204034,11/02/2020 00:00,2987.857,88.714,0
204035,12/02/2020 00:00,2512.571,79.143,0
204036,13/02/2020 00:00,4225.429,105.286,0
204037,14/02/2020 00:00,4644.571,114.857,0
204038,15/02/2020 00:00,4560.571,122.857,0
204039,16/02/2020 00:00,4439.429,123.429,0
204040,17/02/2020 00:00,4357.429,122.143,0
204041,18/02/2020 00:00,4334.429,127.857,0
204042,19/02/2020 00:00,4346.143,143.571,0
204043,20/02/2020 00:00,2261.714,125.286,0
204044,21/02/2020 00:00,1419.143,104.143,0
204045,22/02/2020 00:00,1364.714,113.286,0
204046,23/02/2020 00:00,1107.429,100,0
204047,24/02/2020 00:00,897.857,108.857,0
204048,25/02/2020 00:00,751,100.286,0
204049,26/02/2020 00:00,818.571,92.571,0
204050,27/02/2020 00:00,930.429,80.857,0
204051,28/02/2020 00:00,1043.857,88.714,0
204052,29/02/2020 00:00,1059.429,69.143,0
204053,01/03/2020 00:00,1344.714,75.286,0
204054,02/03/2020 00:00,1546.429,65.143,0
204055,03/03/2020 00:00,1797.571,64.286,0
204056,04/03/2020 00:00,1990.286,69.143,0
204057,05/03/2020 00:00,2185.571,76.286,0
204058,06/03/2020 00:00,2543.571,84,0
204059,07/03/2020 00:00,2866.429,89,0
204060,08/03/2020 00:00,3077.143,115.571,0
204061,09/03/2020 00:00,3411.857,130,0
204062,10/03/2020 00:00,3722.429,158.857,0
204063,11/03/2020 00:00,4462.714,194.571,0
204064,12/03/2020 00:00,5040.571,225.571,0
204065,13/03/2020 00:00,6364,279.143,0
204066,14/03/2020 00:00,7329.286,324.714,0
204067,15/03/2020 00:00,8383.429,383,0
204068,16/03/2020 00:00,9846.857,453.714,0
204069,17/03/2020 00:00,11330.857,530,0
204070,18/03/2020 00:00,12767.429,611.429,0
204071,19/03/2020 00:00,15671.857,725.857,0
204072,20/03/2020 00:00,18005.857,868.857,0
204073,21/03/2020 00:00,21083.714,1054.286,0
204074,22/03/2020 00:00,24366.571,1202.143,0
204075,23/03/2020 00:00,28364.857,1384.571,0
204076,24/03/2020 00:00,32182.857,1599,0
204077,25/03/2020 00:00,37028.429,1871.857,0
204078,26/03/2020 00:00,41846.714,2144.714,0
204079,27/03/2020 00:00,46760.714,2426.857,0
204080,28/03/2020 00:00,52067.714,2727.286,0
204081,29/03/2020 00:00,55253.857,2978.857,0
204082,30/03/2020 00:00,58461.857,3274.571,0
204083,31/03/2020 00:00,63682.143,3621,0
204084,01/04/2020 00:00,68000.571,4075.286,0
204085,02/04/2020 00:00,71090.571,4482.714,0
204086,03/04/2020 00:00,73981.143,4868.286,0
204087,04/04/2020 00:00,75088.429,5205.143,0
204088,05/04/2020 00:00,77325.857,5469.286,0
204089,06/04/2020 00:00,78683.571,5722,0
204090,07/04/2020 00:00,77809.286,6231,0
204091,08/04/2020 00:00,77850.286,6342.286,0
204092,09/04/2020 00:00,78467.429,6624.714,0
204093,10/04/2020 00:00,78804.571,6818.143,0
204094,11/04/2020 00:00,78536,6862,0
204095,12/04/2020 00:00,85232.286,6934,0
204096,13/04/2020 00:00,84834.714,6960.571,0
204097,14/04/2020 00:00,86567.143,6799.429,0
204098,15/04/2020 00:00,85966.429,7022,0
204099,16/04/2020 00:00,87060.571,6960.571,0
204100,17/04/2020 00:00,87247.143,6918.857,0
204101,18/04/2020 00:00,87644.286,6898.714,0
204102,19/04/2020 00:00,81595.857,6845.286,0
204103,20/04/2020 00:00,82194.571,6830,0
204104,21/04/2020 00:00,81018.286,6857.429,0
204105,22/04/2020 00:00,81612.857,6669.143,0
204106,23/04/2020 00:00,80168.429,6595,0
204107,24/04/2020 00:00,81060,6555.571,0
204108,25/04/2020 00:00,81811.429,6497.143,0
204109,26/04/2020 00:00,80976.714,6333.714,0
204110,27/04/2020 00:00,80265,6192.571,0
204111,28/04/2020 00:00,80205.857,6113,0
204112,29/04/2020 00:00,79759.286,6102.429,0
204113,30/04/2020 00:00,79692.714,5989.143,0
204114,01/05/2020 00:00,78970.571,5786.857,0
204115,02/05/2020 00:00,78263.857,5780.286,0
204116,03/05/2020 00:00,78736.143,5721.571,0
204117,04/05/2020 00:00,79658,5655.286,0
204118,05/05/2020 00:00,80204.143,5579.143,0
204119,06/05/2020 00:00,81876.286,5555.429,0
204120,07/05/2020 00:00,82791,5497.571,0
204121,08/05/2020 00:00,83208.571,5559.286,0
204122,09/05/2020 00:00,84066.286,5381.286,0
204123,10/05/2020 00:00,84222.143,5408.571,0
204124,11/05/2020 00:00,84030.571,5325.429,0
204125,12/05/2020 00:00,84841.857,5273.429,0
204126,13/05/2020 00:00,83960.714,5085.714,0
204127,14/05/2020 00:00,84733,5077.143,0
204128,15/05/2020 00:00,85363.714,5042.429,0
204129,16/05/2020 00:00,86724,5030,0
204130,17/05/2020 00:00,87178.571,4962,0
204131,18/05/2020 00:00,89036.143,5003,0
204132,19/05/2020 00:00,90531.714,4920.286,0
204133,20/05/2020 00:00,93538.714,4912.286,0
204134,21/05/2020 00:00,95033.143,4816.571,0
204135,22/05/2020 00:00,96589.429,4813,0
204136,23/05/2020 00:00,98066.429,4787.857,0
204137,24/05/2020 00:00,100246.286,4787.857,0
204138,25/05/2020 00:00,100167.286,4688.286,0
204139,26/05/2020 00:00,99684.429,4585.857,0
204140,27/05/2020 00:00,99270.286,4581.857,0
204141,28/05/2020 00:00,101272.286,4595.714,0
204142,29/05/2020 00:00,103348.429,4522.429,0
204143,30/05/2020 00:00,107776.286,4510.286,0
204144,31/05/2020 00:00,109105.857,4448.714,0
204145,01/06/2020 00:00,110786.429,4477.571,0
204146,02/06/2020 00:00,115219.286,4574.286,0
204147,03/06/2020 00:00,116938.857,4616.571,0
204148,04/06/2020 00:00,119556.286,4675.429,0
204149,05/06/2020 00:00,121254,4669.286,0
204150,06/06/2020 00:00,120402.571,4645.286,0
204151,07/06/2020 00:00,121547.429,4644.143,0
204152,08/06/2020 00:00,121943,4746,0
204153,09/06/2020 00:00,122308.286,4720.571,0
204154,10/06/2020 00:00,125534.571,4686,0
204155,11/06/2020 00:00,125207,4631.857,0
204156,12/06/2020 00:00,124323,4574.429,0
204157,13/06/2020 00:00,124963.429,4614.571,0
204158,14/06/2020 00:00,127944.286,4689.857,0
204159,15/06/2020 00:00,131055.714,4638.571,0
204160,16/06/2020 00:00,133604.429,4926.571,0
204161,17/06/2020 00:00,134467.143,4933.714,0
204162,18/06/2020 00:00,135456,4966.857,0
204163,19/06/2020 00:00,143131,5030,0
204164,20/06/2020 00:00,150547.286,5037.857,0
204165,21/06/2020 00:00,147824.429,5169.714,0
204166,22/06/2020 00:00,150299.857,5142,0
204167,23/06/2020 00:00,153757.857,4920.143,0
204168,24/06/2020 00:00,157791.429,4923.857,0
204169,25/06/2020 00:00,162987.714,4890.143,0
204170,26/06/2020 00:00,164594.571,4876,0
204171,27/06/2020 00:00,163236,4909.286,0
204172,28/06/2020 00:00,171241.429,4764.286,0
204173,29/06/2020 00:00,172715.143,4796.857,0
204174,30/06/2020 00:00,174931.429,4747.143,0
204175,01/07/2020 00:00,181147.286,4728.143,0
204176,02/07/2020 00:00,184772,4783.143,0
204177,03/07/2020 00:00,186205.714,4806,0
204178,04/07/2020 00:00,188106,4815.857,0
204179,05/07/2020 00:00,190552.286,4848,0
204180,06/07/2020 00:00,192744.714,4875.857,0
204181,07/07/2020 00:00,196437,5039.143,0
204182,08/07/2020 00:00,196460.857,5076.143,0
204183,09/07/2020 00:00,199259.571,5123.571,0
204184,10/07/2020 00:00,203649.857,5196.143,0
204185,11/07/2020 00:00,206961.714,5244.143,0
204186,12/07/2020 00:00,207939.857,5313.286,0
204187,13/07/2020 00:00,211712.571,5336.571,0
204188,14/07/2020 00:00,213362,5281.286,0
204189,15/07/2020 00:00,215423,5320.143,0
204190,16/07/2020 00:00,218356,5370.857,0
204191,17/07/2020 00:00,218963.429,5399.714,0
204192,18/07/2020 00:00,222180.571,5600,0
204193,19/07/2020 00:00,224892.857,5686.857,0
204194,20/07/2020 00:00,226854.857,5621.143,0
204195,21/07/2020 00:00,230011.714,5674.857,0
204196,22/07/2020 00:00,236574.571,5885,0
204197,23/07/2020 00:00,241545.857,5952.571,0
204198,24/07/2020 00:00,248150.714,6024.714,0
204199,25/07/2020 00:00,250245.571,5963.429,0
204200,26/07/2020 00:00,250272.286,5886.714,0
204201,27/07/2020 00:00,254010.429,6084,0
204202,28/07/2020 00:00,257028.143,6166.286,0
204203,29/07/2020 00:00,256293.571,6063.429,0
204204,30/07/2020 00:00,256589,6079.571,0
204205,31/07/2020 00:00,257154.429,6099,0
204206,01/08/2020 00:00,256643.429,6088.857,0
204207,02/08/2020 00:00,259331.143,6133.857,0
204208,03/08/2020 00:00,255292.429,6062.429,0
204209,04/08/2020 00:00,255461.571,6096.714,0
204210,05/08/2020 00:00,256183.857,6201.143,0
204211,06/08/2020 00:00,256901.857,6211,0
204212,07/08/2020 00:00,256175.857,6232.714,0
204213,08/08/2020 00:00,258885.571,6234.143,0
204214,09/08/2020 00:00,259209.857,6305.857,0
204215,10/08/2020 00:00,263116.429,6386.286,0
204216,11/08/2020 00:00,263159.571,6306.429,0
204217,12/08/2020 00:00,263120.286,6242.714,0
204218,13/08/2020 00:00,263616.857,6238.143,0
204219,14/08/2020 00:00,267123.429,6215.143,0
204220,15/08/2020 00:00,264795.143,6214.857,0
204221,16/08/2020 00:00,261519,6160,0
204222,17/08/2020 00:00,258596.429,6052.857,0
204223,18/08/2020 00:00,257695.143,6115.714,0
204224,19/08/2020 00:00,258031,6038.571,0
204225,20/08/2020 00:00,255338.286,5987.571,0
204226,21/08/2020 00:00,248840.857,5931,0
204227,22/08/2020 00:00,250960.143,5899.429,0
204228,23/08/2020 00:00,249902.857,5832,0
204229,24/08/2020 00:00,252088.143,5861.286,0
204230,25/08/2020 00:00,250086.429,5790,0
204231,26/08/2020 00:00,250676.429,5827,0
204232,27/08/2020 00:00,252944,5795.429,0
204233,28/08/2020 00:00,256342.857,5743,0
204234,29/08/2020 00:00,255890.857,5742.571,0
204235,30/08/2020 00:00,258310,5734.714,0
204236,31/08/2020 00:00,263468.571,5676.286,0
204237,01/09/2020 00:00,266550.714,5683.143,0
204238,02/09/2020 00:00,266575.286,5629.857,0
204239,03/09/2020 00:00,266291.857,5613.714,0
204240,04/09/2020 00:00,268573.429,5618.714,0
204241,05/09/2020 00:00,270479.143,5520.286,0
204242,06/09/2020 00:00,271813.143,5500.143,0
204243,07/09/2020 00:00,266235.429,5690.429,0
204244,08/09/2020 00:00,263272.429,5479.571,0
204245,09/09/2020 00:00,263751.429,5474.714,0
204246,10/09/2020 00:00,266445.571,5464.571,0
204247,11/09/2020 00:00,268553.143,5483,0
204248,12/09/2020 00:00,270637,5474.857,0
204249,13/09/2020 00:00,273462.571,5449.857,0
204250,14/09/2020 00:00,279420.571,5284.857,0
204251,15/09/2020 00:00,284297.286,5490.429,0
204252,16/09/2020 00:00,287125.429,5433.286,0
204253,17/09/2020 00:00,288729.714,5376.143,0
204254,18/09/2020 00:00,290221.429,5356.857,0
204255,19/09/2020 00:00,290871.286,5389,0
204256,20/09/2020 00:00,291773.571,5391.286,0
204257,21/09/2020 00:00,290757.714,5365,0
204258,22/09/2020 00:00,291328,5305.429,0
204259,23/09/2020 00:00,292277.714,5400.286,0
204260,24/09/2020 00:00,293047.571,5405.286,0
204261,25/09/2020 00:00,293550.714,5427.857,0
204262,26/09/2020 00:00,292483,5449.286,0
204263,27/09/2020 00:00,291343.571,5431.714,0
204264,28/09/2020 00:00,291732.857,5383.857,0
204265,29/09/2020 00:00,291484,5374.286,0
204266,30/09/2020 00:00,293301,5361.571,0
204267,01/10/2020 00:00,293037.429,5820.571,0
204268,02/10/2020 00:00,292934,5772.857,0
204269,03/10/2020 00:00,294575.143,5678,0
204270,04/10/2020 00:00,296451.429,5700,0
204271,05/10/2020 00:00,303356.857,5725.286,0
204272,06/10/2020 00:00,308086.286,5693,0
204273,07/10/2020 00:00,311600.714,5614,0
204274,08/10/2020 00:00,317315.571,5254.857,0
204275,09/10/2020 00:00,321708.286,5328.143,0
204276,10/10/2020 00:00,330048.429,5346.571,0
204277,11/10/2020 00:00,334223,5365.429,0
204278,12/10/2020 00:00,331136.571,5338.143,0
204279,13/10/2020 00:00,331601.286,5271.286,0
204280,14/10/2020 00:00,336057.143,5313.286,0
204281,15/10/2020 00:00,342867.857,5287.143,0
204282,16/10/2020 00:00,350044.286,5287.143,0
204283,17/10/2020 00:00,352398.286,5401.571,0
204284,18/10/2020 00:00,358341.714,5362.857,0
204285,19/10/2020 00:00,370476.714,5454.571,0
204286,20/10/2020 00:00,380354,5632.714,0
204287,21/10/2020 00:00,388759.429,5729.857,0
204288,22/10/2020 00:00,399446.571,5686.571,0
204289,23/10/2020 00:00,411309.857,5816.714,0
204290,24/10/2020 00:00,423382.143,5841,0
204291,25/10/2020 00:00,427426.714,5900.714,0
204292,26/10/2020 00:00,443004.286,6031.286,0
204293,27/10/2020 00:00,454242.714,6150.429,0
204294,28/10/2020 00:00,465809.143,6196.286,0
204295,29/10/2020 00:00,475595.714,6383.429,0
204296,30/10/2020 00:00,486690.286,6466.857,0
204297,31/10/2020 00:00,488983.571,6575.143,0
204298,01/11/2020 00:00,500333.714,6698.857,0
204299,02/11/2020 00:00,509347.571,6765.714,0
204300,03/11/2020 00:00,523157.286,7064.429,0
204301,04/11/2020 00:00,525576.571,7482.857,0
204302,05/11/2020 00:00,535204.571,7694.714,0
204303,06/11/2020 00:00,542350,7899.857,0
204304,07/11/2020 00:00,560401.143,8064,0
204305,08/11/2020 00:00,567868.714,8201.143,0
204306,09/11/2020 00:00,562297.286,8365.857,0
204307,10/11/2020 00:00,562985.714,8405.571,0
204308,11/11/2020 00:00,575270.429,8470.571,0
204309,12/11/2020 00:00,578407.286,8632.571,0
204310,13/11/2020 00:00,584204.714,8733.857,0
204311,14/11/2020 00:00,582645.571,8929.286,0
204312,15/11/2020 00:00,582684.857,9007.286,0
204313,16/11/2020 00:00,584934.714,9085.286,0
204314,17/11/2020 00:00,589421.714,9260.143,0
204315,18/11/2020 00:00,589140.571,9388.429,0
204316,19/11/2020 00:00,591279.429,9583.571,0
204317,20/11/2020 00:00,593125.429,9856.571,0
204318,21/11/2020 00:00,594077.143,9859.429,0
204319,22/11/2020 00:00,595220.143,9986,0
204320,23/11/2020 00:00,596398.143,10067.571,0
204321,24/11/2020 00:00,594937.143,10284.286,0
204322,25/11/2020 00:00,594253.429,10388.857,0
204323,26/11/2020 00:00,585579.714,10361.857,0
204324,27/11/2020 00:00,588459.429,10328.857,0
204325,28/11/2020 00:00,590390.714,10371.143,0
204326,29/11/2020 00:00,589943,10346.286,0
204327,30/11/2020 00:00,585903.286,10399,0
204328,01/12/2020 00:00,589304,10403.714,0
204329,02/12/2020 00:00,592640.286,10470.571,0
204939,04/08/2022 00:00,1019857.143,2446.571,0
204940,05/08/2022 00:00,953741.143,2433.714,0
204941,06/08/2022 00:00,1039604.857,2524,0
204942,07/08/2022 00:00,1033869.429,2525.143,0
204943,08/08/2022 00:00,1020751.429,2499.714,0
204944,09/08/2022 00:00,999461,2585.429,0
204330,03/12/2020 00:00,606610.429,10710.143,1
204331,04/12/2020 00:00,606869.429,10840.286,1
204332,05/12/2020 00:00,612031.857,11002.286,1
204333,06/12/2020 00:00,619008,11073.857,1
204334,07/12/2020 00:00,623450.429,11040.714,1
204335,08/12/2020 00:00,625882.714,10972.429,1
204336,09/12/2020 00:00,629629.571,11000.857,1
204337,10/12/2020 00:00,627051.429,10978.571,1
204338,11/12/2020 00:00,628645.714,11084.143,1
204339,12/12/2020 00:00,629506.857,11124.571,1
204340,13/12/2020 00:00,628736.714,11142,1
204341,14/12/2020 00:00,631101.571,11197.714,4683
204342,15/12/2020 00:00,633600.286,11364,26654
204343,16/12/2020 00:00,641116.857,11540.429,262696
204344,17/12/2020 00:00,650591.857,11634.857,314317
204345,18/12/2020 00:00,652761.286,11605.143,374220
204346,19/12/2020 00:00,650740.571,11669,374246
204347,20/12/2020 00:00,651966.857,11694.571,370668
204348,21/12/2020 00:00,651257.714,11721.714,434571
204349,22/12/2020 00:00,651814.286,11808,502277
204350,23/12/2020 00:00,646747.286,11785.143,582659
204351,24/12/2020 00:00,640329.429,11651.143,600629
204352,25/12/2020 00:00,611392.286,11082.286,551995
204353,26/12/2020 00:00,592857.286,10531.143,551550
204354,27/12/2020 00:00,573520.857,10472.714,573046
204355,28/12/2020 00:00,566692,10486,657162
204356,29/12/2020 00:00,569463.857,10608.143,755957
204357,30/12/2020 00:00,575475.143,10856.429,857356
204358,31/12/2020 00:00,596352.286,11063,897779
204359,01/01/2021 00:00,606012.571,11211,950089
204360,02/01/2021 00:00,616657.857,11356.286,1032578
204361,03/01/2021 00:00,632021,11336.857,1079409
204362,04/01/2021 00:00,640358.714,11374.857,1172120
204363,05/01/2021 00:00,650443.857,11458.286,1303204
204364,06/01/2021 00:00,659887.143,11360.714,1397543
204365,07/01/2021 00:00,664208.714,11563.714,1581222
204366,08/01/2021 00:00,699725.286,12350.143,1796942
204367,09/01/2021 00:00,724923.857,13045.143,1858041
204368,10/01/2021 00:00,736626.857,13235.429,1839273
204369,11/01/2021 00:00,744873.429,13252.857,2040367
204370,12/01/2021 00:00,737778.429,13476.571,2118466
204371,13/01/2021 00:00,731061.714,13729.857,2241978
204372,14/01/2021 00:00,715143.143,13806,2673406
204373,15/01/2021 00:00,707701.429,13830.857,2808472
204374,16/01/2021 00:00,693429.143,13914.143,3003827
204375,17/01/2021 00:00,682796.143,13943.857,2973785
204376,18/01/2021 00:00,668918.571,13955,3100513
204377,19/01/2021 00:00,654735.714,13799,3263873
204378,20/01/2021 00:00,646591.143,14003,3416873
204379,21/01/2021 00:00,633672.714,14238.571,3575676
204380,22/01/2021 00:00,616441.286,14304.143,3766749
204381,23/01/2021 00:00,605008.714,14406.857,3915135
204382,24/01/2021 00:00,595626.857,14405.857,4016595
204383,25/01/2021 00:00,590527.143,14524.143,4237413
204384,26/01/2021 00:00,586020.286,14817.143,4387023
204385,27/01/2021 00:00,573782.857,14709.571,4446899
204386,28/01/2021 00:00,566051.286,14611.429,4457942
204387,29/01/2021 00:00,555412.286,14566.714,4490142
204388,30/01/2021 00:00,546514.429,14406.429,4418239
204389,31/01/2021 00:00,537165.571,14407.571,4306611
204390,01/02/2021 00:00,531650.714,14290.286,4479031
204391,02/02/2021 00:00,517941.429,13927.857,4668382
204392,03/02/2021 00:00,507087,13753.857,5081692
204393,04/02/2021 00:00,486653.571,13244.857,5365575
204394,05/02/2021 00:00,479186,13460.429,5604332
204395,06/02/2021 00:00,467833,13230.571,5841427
204396,07/02/2021 00:00,461391.286,12978.571,5994119
204397,08/02/2021 00:00,446684,12915.143,5957104
204398,09/02/2021 00:00,438377.143,12877.857,5956792
204399,10/02/2021 00:00,426208.429,12584.286,5820119
204400,11/02/2021 00:00,422238.429,12706.571,5749702
204401,12/02/2021 00:00,407017.857,12088.714,5818000
204402,13/02/2021 00:00,399168.714,11922,5755319
204403,14/02/2021 00:00,393038,11832.143,5733219
204404,15/02/2021 00:00,384557.286,11580,5607931
204405,16/02/2021 00:00,377729.429,11044.143,5545636
204406,17/02/2021 00:00,370032.714,10675.714,5594600
204407,18/02/2021 00:00,365286.857,10398.714,5707390
204408,19/02/2021 00:00,362330.714,10214.857,5623325
204409,20/02/2021 00:00,361558.714,9981.429,5620727
204410,21/02/2021 00:00,363086,9957.429,5610750
204411,22/02/2021 00:00,365209,9902,5638241
204412,23/02/2021 00:00,370000.143,9950.857,5710788
204413,24/02/2021 00:00,378395,10085,5816186
204414,25/02/2021 00:00,384403,9932.714,5976394
204415,26/02/2021 00:00,389045.286,9772.857,6187399
204416,27/02/2021 00:00,392160.857,9717.286,6374424
204417,28/02/2021 00:00,390487.429,9684.143,6411463
204418,01/03/2021 00:00,392031,9737.286,6665420
204419,02/03/2021 00:00,391266.143,9550.143,6947479
204420,03/03/2021 00:00,390821,9443.571,7235634
204421,04/03/2021 00:00,391639.429,9385.714,7532056
204422,05/03/2021 00:00,392691.857,9371.857,7803671
204423,06/03/2021 00:00,395123.429,9307.143,8082783
204424,07/03/2021 00:00,404643,9250.143,8179073
204425,08/03/2021 00:00,404495,9198.143,8501183
204426,09/03/2021 00:00,408255.143,9225.714,8720564
204427,10/03/2021 00:00,410700,8998,8922035
204428,11/03/2021 00:00,415102.143,8963.857,8878883
204429,12/03/2021 00:00,420790.857,8876.143,9085132
204430,13/03/2021 00:00,426774,8924.571,9211228
204431,14/03/2021 00:00,425528.571,8906,9282145
204432,15/03/2021 00:00,432497.286,8968.857,9666427
204433,16/03/2021 00:00,439974.286,8980.143,9967719
204434,17/03/2021 00:00,452278.714,9039.857,10192302
204435,18/03/2021 00:00,460624,9109.286,10521187
204436,19/03/2021 00:00,471147.714,9241.143,10796952
204437,20/03/2021 00:00,477276,9267,11046033
204438,21/03/2021 00:00,487940.857,9642.571,11454026
204439,22/03/2021 00:00,497771.143,9697.429,11678873
204440,23/03/2021 00:00,503476.857,9819,11901320
204441,24/03/2021 00:00,515836.571,9832.857,12340939
204442,25/03/2021 00:00,530736,9950.143,13195137
204443,26/03/2021 00:00,541736.714,10228.571,14095621
204444,27/03/2021 00:00,553984.571,10431.714,14757378
204445,28/03/2021 00:00,561437,10258.857,15037922
204446,29/03/2021 00:00,566596.143,10364.286,15093088
204447,30/03/2021 00:00,574554.857,10426.571,15446985
204448,31/03/2021 00:00,580610.714,10740,15944062
204449,01/04/2021 00:00,588809.143,10847.714,16530898
204450,02/04/2021 00:00,589479.429,10544.143,16520549
204451,03/04/2021 00:00,583183.714,10415.571,16220575
204452,04/04/2021 00:00,592809.714,10434,16309871
204453,05/04/2021 00:00,598144.857,10379.714,16481211
204454,06/04/2021 00:00,604608.429,10453.714,16757795
204455,07/04/2021 00:00,603058.143,10806.286,16858500
204456,08/04/2021 00:00,621123.286,11091.429,17053078
204457,09/04/2021 00:00,636488,11624.429,17498417
204458,10/04/2021 00:00,655074.857,12152.286,17953917
204459,11/04/2021 00:00,676469,12395.429,18116781
204460,12/04/2021 00:00,693177.286,12630.286,18642583
204461,13/04/2021 00:00,715610.143,12822.429,18662705
204462,14/04/2021 00:00,736865.429,12640.571,18558634
204463,15/04/2021 00:00,734680.571,12548.571,17877797
204464,16/04/2021 00:00,750118.143,12406,17302802
204465,17/04/2021 00:00,767732.857,12348.857,16979913
204466,18/04/2021 00:00,766362.143,12353.286,16656586
204467,19/04/2021 00:00,777338.286,12529.429,16205877
204468,20/04/2021 00:00,788143,12604.143,15964456
204469,21/04/2021 00:00,799133.571,12695,15900042
204470,22/04/2021 00:00,810411.857,12731.714,16389774
204471,23/04/2021 00:00,817172.571,13001,16574794
204472,24/04/2021 00:00,821564.286,13079.429,16773128
204473,25/04/2021 00:00,825664.857,13313,17193317
204474,26/04/2021 00:00,825437.143,13385.571,17586877
204475,27/04/2021 00:00,825406.286,13485.857,18303917
204476,28/04/2021 00:00,826729.143,13660.857,19150002
204477,29/04/2021 00:00,826050,13923.571,19546835
204478,30/04/2021 00:00,823745.571,13803.429,20501301
204479,01/05/2021 00:00,819549.714,13785.714,20426320
204480,02/05/2021 00:00,813609.286,13724,20271078
204481,03/05/2021 00:00,813841.143,13730.571,19932580
204482,04/05/2021 00:00,806093.857,13600.429,19520846
204483,05/05/2021 00:00,798108.429,13452.571,19020195
204484,06/05/2021 00:00,794953,13285.857,18973514
204485,07/05/2021 00:00,786851.429,13292.286,18906075
204486,08/05/2021 00:00,785919.571,13332.714,19757299
204487,09/05/2021 00:00,780529.286,13352.571,20081785
204488,10/05/2021 00:00,771322.714,13269.143,20895861
204489,11/05/2021 00:00,762871.429,13281.571,21745278
204490,12/05/2021 00:00,752218.857,13173.571,22653414
204491,13/05/2021 00:00,732570.429,13013,22828852
204492,14/05/2021 00:00,714726,12807.857,22941882
204493,15/05/2021 00:00,692288.143,12660.857,23429015
204494,16/05/2021 00:00,677590.143,12637,24562545
204495,17/05/2021 00:00,665885.714,12671,25373271
204496,18/05/2021 00:00,651017.714,12656.286,25999858
204497,19/05/2021 00:00,637437.429,12557.429,26254509
204498,20/05/2021 00:00,622539.429,12517.857,27281275
204499,21/05/2021 00:00,610604,12511,28083993
204500,22/05/2021 00:00,602120.143,12391.429,28395197
204501,23/05/2021 00:00,592834,12326.429,28477106
204502,24/05/2021 00:00,579625.571,12015,28728400
204503,25/05/2021 00:00,567080.286,11861.286,29403362
204504,26/05/2021 00:00,552235.429,11767.429,30535304
204505,27/05/2021 00:00,540210.714,11734.143,30728358
204506,28/05/2021 00:00,522938.143,11595.714,31055107
204507,29/05/2021 00:00,509810,11507.714,31901324
204508,30/05/2021 00:00,496734.429,11303.143,32643394
204509,31/05/2021 00:00,487614.571,11238.286,33446928
204510,01/06/2021 00:00,477003,10942.857,34205764
204511,02/06/2021 00:00,465437.429,10816.143,34783590
204512,03/06/2021 00:00,455994.143,10420,34938750
204513,04/06/2021 00:00,444498.286,10226.857,35770916
204514,05/06/2021 00:00,432554.571,10025,35739763
204515,06/06/2021 00:00,422989.286,9865.286,35454803
204516,07/06/2021 00:00,413665.286,9779.429,35092891
204517,08/06/2021 00:00,400933,9742.571,34638495
204518,09/06/2021 00:00,391057.143,9494.571,33927893
204519,10/06/2021 00:00,387140.714,9271.286,34529707
204520,11/06/2021 00:00,386775.143,9427.429,34098492
204521,12/06/2021 00:00,382715.714,9484.714,33778207
204522,13/06/2021 00:00,379830.714,9766.857,33902619
204523,14/06/2021 00:00,378092.429,9753.714,33399388
204524,15/06/2021 00:00,378688.429,9764.429,34127333
204525,16/06/2021 00:00,374478,9747.571,35003185
204526,17/06/2021 00:00,366297.857,9846.429,35785831
204527,18/06/2021 00:00,363556.571,9480.286,36736091
204528,19/06/2021 00:00,360678.714,9246.143,37825465
204529,20/06/2021 00:00,360754.286,8886.429,38663231
204530,21/06/2021 00:00,358906.429,8742.714,40735584
204531,22/06/2021 00:00,363944.571,8492.857,41558486
204532,23/06/2021 00:00,365096.429,8394.286,41848235
204533,24/06/2021 00:00,366968.571,8301.714,42289618
204534,25/06/2021 00:00,369044.429,8308.429,42582222
204535,26/06/2021 00:00,371138.429,8217.571,43326433
204536,27/06/2021 00:00,372226,8121.286,43687695
204537,28/06/2021 00:00,377433.714,8059.143,43119369
204538,29/06/2021 00:00,373302.286,7940.429,42718110
204539,30/06/2021 00:00,373656,7915.571,42019395
204540,01/07/2021 00:00,377415.429,7900.286,41102760
204541,02/07/2021 00:00,380900.857,7775.714,39706381
204542,03/07/2021 00:00,382537,7685.571,38496742
204543,04/07/2021 00:00,384986.857,7765.571,36877060
204544,05/07/2021 00:00,391214,7880.857,35790011
204545,06/07/2021 00:00,401087.286,7926.143,34655595
204546,07/07/2021 00:00,410457.143,7832.857,33756009
204547,08/07/2021 00:00,417040.571,7884.571,33544890
204548,09/07/2021 00:00,427250.571,7889.286,32922840
204549,10/07/2021 00:00,434038.429,7942.571,31695414
204550,11/07/2021 00:00,440085.714,8084,31367718
204551,12/07/2021 00:00,448020.571,8184.857,30924467
204552,13/07/2021 00:00,458777.286,8170.857,30992884
204553,14/07/2021 00:00,469180,8179.429,31588347
204554,15/07/2021 00:00,482693.571,8141.429,30874279
204555,16/07/2021 00:00,494422.857,8192.143,31125118
204556,17/07/2021 00:00,504191.143,8225.571,31663180
204557,18/07/2021 00:00,511453.286,8072.571,31929482
204558,19/07/2021 00:00,519183.286,7942,31997787
204559,20/07/2021 00:00,520119.571,8450.714,31505010
204560,21/07/2021 00:00,522671.286,8458.857,30909007
204561,22/07/2021 00:00,521076.286,8478.429,31432989
204562,23/07/2021 00:00,539969,8417.429,32175924
204563,24/07/2021 00:00,540266.571,8586.714,32682103
204564,25/07/2021 00:00,543818.429,8698.286,33111668
204565,26/07/2021 00:00,551223.429,8880.714,34551213
204566,27/07/2021 00:00,561804.857,8580.429,36097549
204567,28/07/2021 00:00,575255.571,8792.857,37687563
204568,29/07/2021 00:00,586375.429,9006.571,38664022
204569,30/07/2021 00:00,586993.571,9183.571,39518830
204570,31/07/2021 00:00,590748.714,9202.143,40336515
204571,01/08/2021 00:00,596177.143,9208.286,41550132
204572,02/08/2021 00:00,600373.714,9154.571,42055191
204573,03/08/2021 00:00,604348.857,9235.286,42950100
204574,04/08/2021 00:00,608682.143,9286.857,42620351
204575,05/08/2021 00:00,614764.143,9386.143,41841915
204576,06/08/2021 00:00,627166.714,9515.857,41354165
204577,07/08/2021 00:00,633546.571,9496,40811158
204578,08/08/2021 00:00,631502.429,9505.714,40234028
204579,09/08/2021 00:00,638165.143,9608.286,39226346
204580,10/08/2021 00:00,639752.857,9777.286,37959979
204581,11/08/2021 00:00,646921.143,9778.429,37476480
204582,12/08/2021 00:00,649833.286,9712.143,37388611
204583,13/08/2021 00:00,647331.571,9711.286,37325339
204584,14/08/2021 00:00,646456.286,9716.286,37194333
204585,15/08/2021 00:00,646501,9711.429,36303483
204586,16/08/2021 00:00,652335.714,9854.857,36206440
204587,17/08/2021 00:00,657598.143,9737.571,36167298
204588,18/08/2021 00:00,658361.429,9779.857,36247389
204589,19/08/2021 00:00,659166.571,9914.857,35903605
204590,20/08/2021 00:00,656798,9917.429,35334892
204591,21/08/2021 00:00,657989.857,9943.286,35090298
204592,22/08/2021 00:00,655650.429,9984.286,35627566
204593,23/08/2021 00:00,657934.143,10010.286,35678832
204594,24/08/2021 00:00,657074,10052.571,35934102
204595,25/08/2021 00:00,657251,10127.429,36566942
204596,26/08/2021 00:00,660794.286,10149,37326739
204597,27/08/2021 00:00,655958,10133.143,39031883
204598,28/08/2021 00:00,656034,10067.429,40267059
204599,29/08/2021 00:00,656046.857,9932.143,40905565
204600,30/08/2021 00:00,653675,9863.857,41118549
204601,31/08/2021 00:00,645750.286,9642.857,40661871
204602,01/09/2021 00:00,643178.571,9807.571,40982508
204603,02/09/2021 00:00,634886,9757.571,39835418
204604,03/09/2021 00:00,630952.714,9802.857,37467716
204605,04/09/2021 00:00,622354.857,9703.714,35313774
204606,05/09/2021 00:00,622663.286,9667.286,34390829
204607,06/09/2021 00:00,594929.143,9459.571,33006812
204608,07/09/2021 00:00,599936.143,9598,32967169
204609,08/09/2021 00:00,588194.571,9261,32107321
204610,09/09/2021 00:00,582680.571,9188,32487283
204611,10/09/2021 00:00,573416,8973,32402226
204612,11/09/2021 00:00,569445.143,9068.571,33788912
204613,12/09/2021 00:00,558202.857,8938.143,33775389
204614,13/09/2021 00:00,572800.143,9087.429,34682257
204615,14/09/2021 00:00,557676.571,9006,32997194
204616,15/09/2021 00:00,547834.286,9053.143,31902136
204617,16/09/2021 00:00,540355,9018.714,31247394
204618,17/09/2021 00:00,535271.571,9000,31011626
204619,18/09/2021 00:00,525004.857,8732.571,31507267
204620,19/09/2021 00:00,523874.857,8798.429,31454206
204621,20/09/2021 00:00,517294,8674.714,30216852
204622,21/09/2021 00:00,508556.857,8605.143,30563618
204623,22/09/2021 00:00,503775.286,8499.286,30101965
204624,23/09/2021 00:00,498091.571,8411.429,30104855
204625,24/09/2021 00:00,487514,8364.857,30606898
204626,25/09/2021 00:00,483715.143,8216.857,28471513
204627,26/09/2021 00:00,482665.857,8138.571,27814774
204628,27/09/2021 00:00,476016,8054.714,29201247
204629,28/09/2021 00:00,470587.571,8052.429,28987953
204630,29/09/2021 00:00,464267.857,7989.429,29904451
204631,30/09/2021 00:00,456039,7844.857,29497490
204632,01/10/2021 00:00,452146.857,7832.571,28474787
204633,02/10/2021 00:00,448958.286,7896.857,28578769
204634,03/10/2021 00:00,442031.714,7725,28313157
204635,04/10/2021 00:00,437015.714,7649,26555997
204636,05/10/2021 00:00,433022.143,7360.571,26628420
204637,06/10/2021 00:00,435339.429,7344.143,25268245
204638,07/10/2021 00:00,431354.143,7357.571,24492011
204639,08/10/2021 00:00,424789.429,7234.571,24793766
204640,09/10/2021 00:00,423357.286,7083.857,24869221
204641,10/10/2021 00:00,424650.571,7140.857,25385582
204642,11/10/2021 00:00,416092.429,6953.714,25056191
204643,12/10/2021 00:00,418258,7044,24802971
204644,13/10/2021 00:00,411098.857,7009.143,24661979
204645,14/10/2021 00:00,410109.857,6869.286,24601388
204646,15/10/2021 00:00,407597.571,6786.143,24023325
204647,16/10/2021 00:00,408064.571,6854.714,23291232
204648,17/10/2021 00:00,407727.286,6796,22912999
204649,18/10/2021 00:00,412831.714,6890.143,23480061
204650,19/10/2021 00:00,411874.429,6894.571,24159934
204651,20/10/2021 00:00,414620.286,6859.429,25187942
204652,21/10/2021 00:00,415681.143,6819,25368233
204653,22/10/2021 00:00,420566.857,6960.143,26061310
204654,23/10/2021 00:00,425234.714,7034.571,26397384
204655,24/10/2021 00:00,425331.429,7072.571,26915772
204656,25/10/2021 00:00,427657.571,7110.857,26674040
204657,26/10/2021 00:00,426852.714,7073.857,26705113
204658,27/10/2021 00:00,432352,7143.286,26397675
204659,28/10/2021 00:00,435337.571,7312.857,27114997
204660,29/10/2021 00:00,435567.714,7258.429,27913727
204661,30/10/2021 00:00,437111.429,7282.143,30113052
204662,31/10/2021 00:00,443243.143,7279,30025938
204663,01/11/2021 00:00,442642.143,7213.143,30308574
204664,02/11/2021 00:00,439458.857,7125.143,29527889
204665,03/11/2021 00:00,440805.857,7024.857,29868110
204666,04/11/2021 00:00,445661.714,6844.571,30064718
204667,05/11/2021 00:00,449890.143,6960.571,29282134
204668,06/11/2021 00:00,456038.429,7054.143,27833678
204669,07/11/2021 00:00,455758.857,7055,28411938
204670,08/11/2021 00:00,462668.286,7107.286,29365736
204671,09/11/2021 00:00,471893.286,7237.286,30640444
204672,10/11/2021 00:00,479004,7213.571,31336506
204673,11/11/2021 00:00,479522.429,7222.857,31651297
204674,12/11/2021 00:00,490286.857,7278.143,32718908
204675,13/11/2021 00:00,490473,7244.143,33430198
204676,14/11/2021 00:00,492995.429,7266.429,32911050
204677,15/11/2021 00:00,500859,7285.429,32239182
204678,16/11/2021 00:00,506345.286,7225.571,31733322
204679,17/11/2021 00:00,512368.429,7356.429,31327061
204680,18/11/2021 00:00,526893.286,7454.714,30953977
204681,19/11/2021 00:00,529162.714,7313.143,30181914
204682,20/11/2021 00:00,537947.714,7280.429,30477646
204683,21/11/2021 00:00,543811.429,7271.857,30462602
204684,22/11/2021 00:00,554649.143,7320.143,31039406
204685,23/11/2021 00:00,564455.571,7374.714,31490156
204686,24/11/2021 00:00,570501.571,7288.286,31867773
204687,25/11/2021 00:00,567145.571,7212.286,31836989
204688,26/11/2021 00:00,566739.714,7053.714,32996358
204689,27/11/2021 00:00,564443.429,7037.429,31950553
204690,28/11/2021 00:00,566070.143,7074.571,33228148
204691,29/11/2021 00:00,570381,7128,33631530
204692,30/11/2021 00:00,573972.857,7129.429,34509466
204693,01/12/2021 00:00,580362.714,7234.286,35297347
204694,02/12/2021 00:00,595902.286,7562.857,36503679
204695,03/12/2021 00:00,612901.857,7799.286,35970302
204696,04/12/2021 00:00,620226.429,7754.571,37621668
204697,05/12/2021 00:00,624269.143,8118,36785444
204698,06/12/2021 00:00,619694.429,8036.571,36318056
204699,07/12/2021 00:00,625424.143,8003.571,35651043
204700,08/12/2021 00:00,626743.571,7858.714,34557993
204701,09/12/2021 00:00,625436,7639,34363694
204702,10/12/2021 00:00,620134,7568.429,34206605
204703,11/12/2021 00:00,617880,7642.714,35012096
204704,12/12/2021 00:00,617539.571,7242.286,35135016
204705,13/12/2021 00:00,618928,7151.429,35468182
204706,14/12/2021 00:00,618402.857,7142.857,36505681
204707,15/12/2021 00:00,622478.857,7251.571,37296317
204708,16/12/2021 00:00,628872.143,7080.714,37263099
204709,17/12/2021 00:00,639352,6967.857,38604886
204710,18/12/2021 00:00,646688.714,6928.714,37900012
204711,19/12/2021 00:00,654472.714,6901.429,38147030
204712,20/12/2021 00:00,672613.857,6956.714,39603082
204713,21/12/2021 00:00,689678.714,6933.714,39831731
204714,22/12/2021 00:00,713962.429,7118.857,39558042
204715,23/12/2021 00:00,751616.571,7097.571,39931662
204716,24/12/2021 00:00,769334.286,6929.857,38476159
204717,25/12/2021 00:00,788145,6683,37557788
204718,26/12/2021 00:00,797841.857,6590.429,36737115
204719,27/12/2021 00:00,873780.143,6546.286,35481150
204720,28/12/2021 00:00,955225.714,6543.714,35240414
204721,29/12/2021 00:00,1067432.857,6184.286,36371926
204722,30/12/2021 00:00,1201055.286,6229.857,35689406
204723,31/12/2021 00:00,1323048.714,6235.571,35776440
204724,01/01/2022 00:00,1397827.714,6245.429,34001110
204725,02/01/2022 00:00,1446414.143,6173,33478704
204726,03/01/2022 00:00,1602222.857,6082.429,33197975
204727,04/01/2022 00:00,1769686.429,6134.571,32187918
204728,05/01/2022 00:00,1894680.143,6139.714,30938338
204729,06/01/2022 00:00,1997060,6065.571,31029133
204730,07/01/2022 00:00,2168262.286,6221.286,32110169
204731,08/01/2022 00:00,2304700.714,6380.714,32806617
204732,09/01/2022 00:00,2463661.429,6479.429,34152165
204733,10/01/2022 00:00,2582148.571,6577.286,34226049
204734,11/01/2022 00:00,2658308.714,6760.857,35160350
204735,12/01/2022 00:00,2782612.429,6940.571,34866340
204736,13/01/2022 00:00,2857442.429,7116.429,34792839
204737,14/01/2022 00:00,2910688.571,7222,32710361
204738,15/01/2022 00:00,2955893.857,7342,33558089
204739,16/01/2022 00:00,2976988.857,7399,33414014
204740,17/01/2022 00:00,2901706.429,7356.429,33611915
204741,18/01/2022 00:00,3005803.571,7357.857,31083554
204742,19/01/2022 00:00,3097024.143,7490.714,31822598
204743,20/01/2022 00:00,3175429.571,7701.857,31129445
204744,21/01/2022 00:00,3249756.571,7992.286,31589596
204745,22/01/2022 00:00,3289368.143,7973.286,30877265
204746,23/01/2022 00:00,3329354.571,8070.714,29817699
204747,24/01/2022 00:00,3437954.714,8417.143,28407583
204748,25/01/2022 00:00,3422408.571,8668.286,29074681
204749,26/01/2022 00:00,3376615.857,8776.714,27322111
204750,27/01/2022 00:00,3372548.857,8871.571,26681237
204751,28/01/2022 00:00,3347229.429,9220.857,26157621
204752,29/01/2022 00:00,3342331.714,9493.571,25421908
204753,30/01/2022 00:00,3317862.857,9554.857,25345570
204754,31/01/2022 00:00,3219992.429,9778.571,25141691
204755,01/02/2022 00:00,3144691.429,10004.286,24016970
204756,02/02/2022 00:00,3061670.429,10202.286,23117349
204757,03/02/2022 00:00,2988053,10391.714,22324672
204758,04/02/2022 00:00,2886706.857,10505.143,21710124
204759,05/02/2022 00:00,2825822,10546.857,21810716
204760,06/02/2022 00:00,2768797.857,10610.571,21467980
204761,07/02/2022 00:00,2753060,10743.429,21098809
204762,08/02/2022 00:00,2678263.429,10794,22000598
204763,09/02/2022 00:00,2571312.143,10954.714,23163485
204764,10/02/2022 00:00,2517119.857,10987.286,23489233
204765,11/02/2022 00:00,2440992.857,10814.857,24871055
204766,12/02/2022 00:00,2386059.714,10873.286,24915028
204767,13/02/2022 00:00,2334349.857,10776.286,25451898
204768,14/02/2022 00:00,2203461.571,10760.143,25885573
204769,15/02/2022 00:00,2099621.714,10447.571,25544882
204770,16/02/2022 00:00,2072391.286,10420.571,24781768
204771,17/02/2022 00:00,1965499.714,10461.143,25492435
204772,18/02/2022 00:00,1903266.143,10266.143,24591606
204773,19/02/2022 00:00,1865136.857,10225,24989479
204774,20/02/2022 00:00,1833901,10246.429,24252004
204775,21/02/2022 00:00,1789881.857,9721.286,24047145
204776,22/02/2022 00:00,1760905.143,9632,23764973
204777,23/02/2022 00:00,1714843.429,9472.286,23661181
204778,24/02/2022 00:00,1675678.714,9264.714,23337767
204779,25/02/2022 00:00,1628723.429,9035.714,23219606
204780,26/02/2022 00:00,1597979.143,8766.286,22731484
204781,27/02/2022 00:00,1576406,8657.857,22836642
204782,28/02/2022 00:00,1565718.714,8688.429,23121003
204783,01/03/2022 00:00,1555466.857,8477,22017311
204784,02/03/2022 00:00,1518607.714,7912.143,21338276
204785,03/03/2022 00:00,1516468,7547.286,20235542
204786,04/03/2022 00:00,1531930.857,7496.429,19297985
204787,05/03/2022 00:00,1536641.714,7369.143,18684135
204788,06/03/2022 00:00,1546166.143,7304.143,18026155
204789,07/03/2022 00:00,1561527.429,7301.857,17005509
204790,08/03/2022 00:00,1581616.143,7109.143,17089784
204791,09/03/2022 00:00,1606477.714,7078.714,16767480
204792,10/03/2022 00:00,1620630.857,6978,16638763
204793,11/03/2022 00:00,1636398.857,6670,16466594
204794,12/03/2022 00:00,1681670.143,6536.143,16084204
204795,13/03/2022 00:00,1689790.143,6437.429,16060783
204796,14/03/2022 00:00,1715428.286,6141.143,15999929
204797,15/03/2022 00:00,1725197.143,5915.286,16057137
204798,16/03/2022 00:00,1782289.857,5773,16039397
204799,17/03/2022 00:00,1811839.571,5657.429,15828999
204800,18/03/2022 00:00,1814394,5504,15386574
204801,19/03/2022 00:00,1805856,5368.571,15071006
204802,20/03/2022 00:00,1778621.714,5327.143,15018106
204803,21/03/2022 00:00,1760704.571,5267,14860887
204804,22/03/2022 00:00,1785066.857,5156.286,15110128
204805,23/03/2022 00:00,1723756.429,5032.429,15343645
204806,24/03/2022 00:00,1681752.571,4822.429,15439112
204807,25/03/2022 00:00,1663249.143,5317,15457941
204808,26/03/2022 00:00,1611584.571,5178,15932336
204809,27/03/2022 00:00,1592813.286,5081.571,16086093
204810,28/03/2022 00:00,1591751.571,4954.286,16984217
204811,29/03/2022 00:00,1559256.429,4968.143,17351410
204812,30/03/2022 00:00,1529906.429,4815.571,17629180
204813,31/03/2022 00:00,1534496.857,4748.429,17514092
204814,01/04/2022 00:00,1449635.857,4071.857,17115732
204815,02/04/2022 00:00,1405569.714,4034.571,16445645
204816,03/04/2022 00:00,1383767,3926.571,16099365
204817,04/04/2022 00:00,1302479.143,3790.429,14596015
204818,05/04/2022 00:00,1247410.143,3689.429,13435889
204819,06/04/2022 00:00,1222140.714,3620.429,12196224
204820,07/04/2022 00:00,1141604.571,3559,11648837
204821,08/04/2022 00:00,1139363.429,3535.143,11630459
204822,09/04/2022 00:00,1100647.857,3465.143,11530385
204823,10/04/2022 00:00,1069809.857,3438.714,11226929
204824,11/04/2022 00:00,1075480.714,3424.286,11215419
204825,12/04/2022 00:00,1036777.286,3298,11005964
204826,13/04/2022 00:00,985204.857,3296.571,10685302
204827,14/04/2022 00:00,943499.286,3184.714,10339315
204828,15/04/2022 00:00,879943.286,2944,9727260
204829,16/04/2022 00:00,850848.286,2840.286,9369738
204830,17/04/2022 00:00,827398.857,2811.857,9209263
204831,18/04/2022 00:00,760127.143,2592,9042590
204832,19/04/2022 00:00,738102.429,2585.429,9191143
204833,20/04/2022 00:00,722600,2591.286,9247214
204834,21/04/2022 00:00,713718.143,2590.571,9534043
204835,22/04/2022 00:00,728063.286,2670.143,9993627
204836,23/04/2022 00:00,717155.571,2671,10284961
204837,24/04/2022 00:00,711015.571,2621.857,10440935
204838,25/04/2022 00:00,725403.571,2764,10489223
204839,26/04/2022 00:00,682828.286,2892.429,10318583
204840,27/04/2022 00:00,663281.714,2757.429,10858787
204841,28/04/2022 00:00,639461.429,2682.714,10899623
204842,29/04/2022 00:00,614291.143,2640.429,11128274
204843,30/04/2022 00:00,592504.571,2629.571,11025330
204844,01/05/2022 00:00,582205.857,2631.714,11002002
204845,02/05/2022 00:00,564621.429,2530,10511049
204846,03/05/2022 00:00,567915,2316.286,9943964
204847,04/05/2022 00:00,539707.429,2352.143,8854798
204848,05/05/2022 00:00,519363,2289.286,8110590
204849,06/05/2022 00:00,517617.571,2237.857,7470102
204850,07/05/2022 00:00,515096.714,2187.571,7178511
204851,08/05/2022 00:00,510641.429,2145.429,6942350
204852,09/05/2022 00:00,547238.286,2193,7089271
204853,10/05/2022 00:00,542222.714,2105.714,7240403
204854,11/05/2022 00:00,552056,1928.714,7670745
204855,12/05/2022 00:00,559606.571,1812.857,7887585
204856,13/05/2022 00:00,552227.857,1768.143,7822033
204857,14/05/2022 00:00,566091.857,1748.571,7777767
204858,15/05/2022 00:00,579403.714,1740.571,7733696
204859,16/05/2022 00:00,564289,1701.571,7739890
204860,17/05/2022 00:00,559052.429,1657.714,7756814
204861,18/05/2022 00:00,567904.286,1639,7647488
204862,19/05/2022 00:00,560213.571,1637.714,7654184
204863,20/05/2022 00:00,567930.429,1645.714,7760251
204864,21/05/2022 00:00,557399.286,1663.857,7795999
204865,22/05/2022 00:00,551768.429,1652.571,7855969
204866,23/05/2022 00:00,540769.714,1634.429,7821105
204867,24/05/2022 00:00,538573.286,1613,7719819
204868,25/05/2022 00:00,522391,1641.429,7529721
204869,26/05/2022 00:00,512625.714,1603,7321944
204870,27/05/2022 00:00,505227.286,1597.857,7353760
204871,28/05/2022 00:00,493363.714,1553.857,7274530
204872,29/05/2022 00:00,484928.571,1548.143,7110518
204873,30/05/2022 00:00,466677.286,1496.286,6980220
204874,31/05/2022 00:00,472856.286,1464.857,6873908
204875,01/06/2022 00:00,480982.429,1389.429,6925756
204876,02/06/2022 00:00,481699.571,1395.429,6755997
204877,03/06/2022 00:00,478065.143,1330.571,6429714
204878,04/06/2022 00:00,473009.429,1316.857,6851045
204879,05/06/2022 00:00,471398.429,1343.714,7482633
204880,06/06/2022 00:00,476444.857,1310.857,8183746
204881,07/06/2022 00:00,480531.429,1405.286,8942809
204882,08/06/2022 00:00,481883.714,1472.571,9266324
204883,09/06/2022 00:00,489341.714,1475.143,9842764
204884,10/06/2022 00:00,489767,1501.714,10164705
204885,11/06/2022 00:00,494193.857,1538.286,9921150
204886,12/06/2022 00:00,485255,1503,9543441
204887,13/06/2022 00:00,503285,1602.857,9071450
204888,14/06/2022 00:00,530876.286,1558.286,8431861
204889,15/06/2022 00:00,533513,1471.286,8172521
204890,16/06/2022 00:00,525703.571,1448.429,7935963
204891,17/06/2022 00:00,531400.286,1396,7807089
204892,18/06/2022 00:00,523530.857,1355,7726400
204893,19/06/2022 00:00,533788,1369.429,7087117
204894,20/06/2022 00:00,566007.857,1360.143,7392393
204895,21/06/2022 00:00,561618.286,1331.857,7751056
204896,22/06/2022 00:00,574030.571,1342.143,8272698
204897,23/06/2022 00:00,611305.143,1396.143,8761345
204898,24/06/2022 00:00,636049.857,1464.143,9294284
204899,25/06/2022 00:00,648648.714,1481.286,9759397
204900,26/06/2022 00:00,650175.429,1475.143,10320915
204901,27/06/2022 00:00,669725.857,1453.286,10092568
204902,28/06/2022 00:00,686806.857,1504,10004345
204903,29/06/2022 00:00,704748.571,1468,9743621
204904,30/06/2022 00:00,744061.286,1443.857,9256206
204905,01/07/2022 00:00,769479.571,1457.714,8728345
204906,02/07/2022 00:00,775456.857,1459.857,8224832
204907,03/07/2022 00:00,786061.571,1471.571,7746510
204908,04/07/2022 00:00,782365.429,1404.714,7509082
204909,05/07/2022 00:00,818700.571,1416,7203501
204910,06/07/2022 00:00,861397.857,1520.286,6972200
204911,07/07/2022 00:00,858633.571,1661.571,6979146
204912,08/07/2022 00:00,865535.857,1705.857,7136776
204913,09/07/2022 00:00,886158.286,1728.286,7166940
204914,10/07/2022 00:00,895588.286,1737.286,7160179
204915,11/07/2022 00:00,925438,1831,7097276
204916,12/07/2022 00:00,926713.571,1850,6912031
204917,13/07/2022 00:00,958310.571,1974.714,6875625
204918,14/07/2022 00:00,947006.286,1867.857,7093677
204919,15/07/2022 00:00,951069.286,1869.429,7142987
204920,16/07/2022 00:00,958426.714,1879.571,7163577
204921,17/07/2022 00:00,963162.571,1892.429,7283774
204922,18/07/2022 00:00,981257.857,1923.714,7613523
204923,19/07/2022 00:00,1028341.429,2016.286,8428940
204924,20/07/2022 00:00,1049264.571,2088.429,8796610
204925,21/07/2022 00:00,1073515,2153.286,8961420
204926,22/07/2022 00:00,1082879.714,2231.571,8640378
204927,23/07/2022 00:00,1094614.143,2254.714,8954504
204928,24/07/2022 00:00,1107533.714,2264.714,9148561
204929,25/07/2022 00:00,1077246.286,2260.714,8253448
204930,26/07/2022 00:00,1026980.714,2244.429,7850165
204931,27/07/2022 00:00,999730.857,2322.286,7700915
204932,28/07/2022 00:00,991894.429,2352.286,7413784
204933,29/07/2022 00:00,1034208.286,2376.429,7278709
204934,30/07/2022 00:00,1025367.857,2358.143,7123644
204935,31/07/2022 00:00,1023214.429,2347.143,6957664
204936,01/08/2022 00:00,1006650.714,2415.571,6709777
204937,02/08/2022 00:00,1006327.857,2417.286,6419307
204938,03/08/2022 00:00,969115.143,2380,5785771
